{
  "openapi": "3.0.0",
  "info": {
    "title": "message",
    "version": "1.0.0",
    "description": "message"
  },
  "servers": [
    {
      "url": "/message/v1"
    }
  ],
  "paths": {
    "/messages": {
      "post": {
        "responses": {
          "200": {
            "description": "success",
            "content": {
              "application/json": {
                "schema": {
                  "title": "Response",
                  "type": "object",
                  "properties": {
                    "description": {
                      "type": "string"
                    }
                  }
                }
              }
            }
          }
        },
        "tags": [],
        "parameters": [
          {
            "name": "name",
            "in": "query",
            "schema": {
              "type": "string"
            }
          }
        ]
      }
    }
  }
}